{"total_reward": 517.676056338022, "loss": 6.513808044064946, "_timestamp": 1717163490.6448529, "_runtime": 5816.405827760696, "_step": 203, "mean_reward": 544.3689977796658, "std_reward": 174.17375660096056, "mean_test_reward": 545.3862650741193, "std_test_reward": 143.1115492150134}