{"train_loss": 7.7002350703477855, "_timestamp": 1715919955.166477, "_runtime": 186.02542304992676, "_step": 42, "val_loss": 6.569430370469545, "_wandb": {"runtime": 214}}