{"total_reward": 452.8547854785412, "loss": 6.842223791515126, "_timestamp": 1717566748.117874, "_runtime": 659.8774847984314, "_step": 74, "mean_reward": -94.999999999999, "std_reward": 3.3927950614478624e-14}