{"train_loss": 9.998647134780883, "_timestamp": 1715920379.0450115, "_runtime": 3.9559555053710938, "_step": 9, "_wandb": {"runtime": 9}}