{"total_reward": -78.0508474576271, "loss": 0.6175995546729625, "_timestamp": 1717152113.8585134, "_runtime": 34.98427629470825, "_step": 3, "_wandb": {"runtime": 63}}