{"total_reward": -57.02531645569672, "loss": 0.7842241609860369, "_timestamp": 1717573836.2767925, "_runtime": 52.21216559410095, "_step": 4, "_wandb": {"runtime": 60}}