{"train_loss": 6.005983384728432, "_timestamp": 1715921139.3046834, "_runtime": 602.724392414093, "_step": 152, "val_loss": 4.800547216999387, "_wandb": {"runtime": 621}}