{"train_loss": 8.185984503318524, "_timestamp": 1715920342.5153863, "_runtime": 94.75219225883484, "_step": 28, "val_loss": 7.0699131248424205, "_wandb": {"runtime": 115}}