{"val_loss": 3.722766039883464, "_timestamp": 1715923810.3697145, "_runtime": 2638.16886138916, "_step": 4782, "train_loss": 3.851159588986994, "_wandb": {"runtime": 2637}}