{"train_loss": 3.935707392032446, "_timestamp": 1715912856.231211, "_runtime": 572.5390779972076, "_step": 5917, "val_loss": 3.754882046148521, "_wandb": {"runtime": 572}}