{"train_loss": 9.982858927726745, "_timestamp": 1715919297.4032164, "_runtime": 3.89438533782959, "_step": 9, "_wandb": {"runtime": 151}}