{"total_reward": 452.29729729729064, "loss": 6.330270517773989, "_timestamp": 1717572983.0773149, "_runtime": 695.5141978263855, "_step": 83, "mean_reward": -94.999999999999, "std_reward": 3.3927950614478624e-14}