{"total_reward": -73.57142857142874, "loss": 93.44736689479411, "_timestamp": 1717152040.9677663, "_runtime": 2660.9071292877197, "_step": 203, "mean_reward": -94.999999999999, "std_reward": 2.8183866676354826e-14, "mean_test_reward": 88.17772286476924, "std_test_reward": 152.5739753021714, "_wandb": {"runtime": 2673}}