{"total_reward": -67.69624573378891, "loss": 13.920523864131013, "_timestamp": 1717152579.205939, "_runtime": 335.39973306655884, "_step": 32, "_wandb": {"runtime": 380}}