{"total_reward": 319.14141414141386, "loss": 4.981079872415847, "_timestamp": 1717574202.371464, "_runtime": 304.93637108802795, "_step": 48, "_wandb": {"runtime": 410}}