{"total_reward": 498.05993690850676, "loss": 6.387965520890821, "_timestamp": 1717155404.6155605, "_runtime": 2759.8389024734497, "_step": 203, "mean_reward": 553.8373645676864, "std_reward": 124.7117713277165, "mean_test_reward": 524.1467052425608, "std_test_reward": 127.98556908155838, "_wandb": {"runtime": 2771}}