{"total_reward": 415.56338028168307, "loss": 6.459536311005344, "_timestamp": 1717157656.5307524, "_runtime": 2213.3738763332367, "_step": 203, "mean_reward": 487.6682105585525, "std_reward": 145.65132718431977, "mean_test_reward": 515.3797363347533, "std_test_reward": 172.72264916360314, "_wandb": {"runtime": 2224}}